1,google.com
2,youtube.com
3,tmall.com
4,baidu.com
5,qq.com
6,sohu.com
7,taobao.com
8,facebook.com
9,360.cn
10,amazon.com
11,jd.com
12,yahoo.com
13,wikipedia.org
14,sina.com.cn
15,weibo.com
16,netflix.com
17,xinhuanet.com
18,reddit.com
19,live.com
20,panda.tv
21,zoom.us
22,csdn.net
23,zhanqi.tv
24,alipay.com
25,okezone.com
26,vk.com
27,instagram.com
28,microsoft.com
29,myshopify.com
30,twitch.tv
31,aliexpress.com
32,bing.com
33,yahoo.co.jp
34,google.com.hk
35,ebay.com
36,amazon.in
37,bongacams.com
38,stackoverflow.com
39,office.com
40,adobe.com
41,twitter.com
42,apple.com
43,naver.com
44,amazon.co.jp
45,aparat.com
46,yy.com
47,huanqiu.com
48,microsoftonline.com
49,tianya.cn
50,haosou.com
51,yandex.ru
52,1688.com
53,pornhub.com
54,google.co.in
55,chaturbate.com
56,so.com
57,tribunnews.com
58,wordpress.com
59,imdb.com
60,bilibili.com
61,whatsapp.com
62,etsy.com
63,msn.com
64,17ok.com
65,mail.ru
66,xvideos.com
67,linkedin.com
68,google.com.br
69,cnblogs.com
70,flipkart.com
71,hao123.com
72,freepik.com
73,amazon.de
74,dropbox.com
75,chase.com
76,livejasmin.com
77,indeed.com
78,roblox.com
79,rakuten.co.jp
80,ok.ru
81,cnn.com
82,xhamster.com
83,6.cn
84,babytree.com
85,fandom.com
86,google.co.jp
87,udemy.com
88,163.com
89,canva.com
90,gome.com.cn
91,imgur.com
92,spotify.com
93,tradingview.com
94,thestartmagazine.com
95,nytimes.com
96,amazon.co.uk
97,instructure.com
98,amazonaws.com
99,telegram.org
100,bbc.com
